model,mae,r2
GradientBoosting,1.6444370415037668,0.26273708398566664
RandomForest,1.7039398677184736,0.26930967238932546
